{"cameraMode":{"drawMode":0,"name":"Shaded","section":"Shading Mode"},"sceneLighting":false,"audioPlay":false,"sceneViewState":{"m_AlwaysRefresh":false,"showFog":true,"showSkybox":false,"showFlares":true,"showImageEffects":true,"showParticleSystems":true,"showVisualEffectGraphs":true,"m_FxEnabled":false},"in2DMode":false,"pivot":{"x":-0.3819104731082916,"y":-0.426364004611969,"z":-2.5238935947418215},"rotation":{"x":-0.11137455701828003,"y":0.004767905920743942,"z":-0.0005170083022676408,"w":-0.9938440322875977},"size":0.4774840474128723,"orthographic":true}