{"cameraMode":{"drawMode":0,"name":"Shaded","section":"Shading Mode"},"sceneLighting":false,"audioPlay":false,"sceneViewState":{"m_AlwaysRefresh":false,"showFog":true,"showSkybox":false,"showFlares":true,"showImageEffects":true,"showParticleSystems":true,"showVisualEffectGraphs":true,"m_FxEnabled":false},"in2DMode":false,"pivot":{"x":1.2283337116241456,"y":-0.3849791884422302,"z":-2.5913734436035158},"rotation":{"x":-0.14646613597869874,"y":-0.009506845846772194,"z":0.0014048292068764568,"w":-0.9892101883888245},"size":0.5722648501396179,"orthographic":false}