{"cameraMode":{"drawMode":0,"name":"Shaded","section":"Shading Mode"},"sceneLighting":false,"audioPlay":false,"sceneViewState":{"m_AlwaysRefresh":false,"showFog":true,"showSkybox":false,"showFlares":true,"showImageEffects":true,"showParticleSystems":true,"showVisualEffectGraphs":true,"m_FxEnabled":false},"in2DMode":false,"pivot":{"x":0.9779999256134033,"y":0.025107653811573983,"z":-0.5339999794960022},"rotation":{"x":-0.4692479372024536,"y":0.0010580001398921013,"z":-0.0005179294385015965,"w":-0.8831474781036377},"size":0.345968633890152,"orthographic":false}