{"cameraMode":{"drawMode":0,"name":"Shaded","section":"Shading Mode"},"sceneLighting":false,"audioPlay":false,"sceneViewState":{"m_AlwaysRefresh":false,"showFog":true,"showSkybox":false,"showFlares":true,"showImageEffects":true,"showParticleSystems":true,"showVisualEffectGraphs":true,"m_FxEnabled":false},"in2DMode":false,"pivot":{"x":7.089058876037598,"y":0.29539740085601809,"z":-3.585062026977539},"rotation":{"x":-0.08807448297739029,"y":-0.015549300238490105,"z":0.0013723057927563787,"w":-0.9960319399833679},"size":0.4615366756916046,"orthographic":false}