{"cameraMode":{"drawMode":0,"name":"Shaded","section":"Shading Mode"},"sceneLighting":false,"audioPlay":false,"sceneViewState":{"m_AlwaysRefresh":false,"showFog":true,"showSkybox":false,"showFlares":true,"showImageEffects":true,"showParticleSystems":true,"showVisualEffectGraphs":true,"m_FxEnabled":false},"in2DMode":false,"pivot":{"x":0.000003889203071594238,"y":0.039601922035217288,"z":0.008743137121200562},"rotation":{"x":0.2699909210205078,"y":0.6047999858856201,"z":-0.22888995707035066,"w":0.7133980393409729},"size":0.9480017423629761,"orthographic":false}