{"cameraMode":{"drawMode":0,"name":"Shaded","section":"Shading Mode"},"sceneLighting":false,"audioPlay":false,"sceneViewState":{"m_AlwaysRefresh":false,"showFog":true,"showSkybox":false,"showFlares":true,"showImageEffects":true,"showParticleSystems":true,"showVisualEffectGraphs":true,"m_FxEnabled":false},"in2DMode":false,"pivot":{"x":0.08374340832233429,"y":0.01573910005390644,"z":0.498996376991272},"rotation":{"x":-0.44360440969467165,"y":-0.0010708598420023919,"z":0.0005502333515323699,"w":-0.8962626457214356},"size":0.24239110946655274,"orthographic":true}