{"cameraMode":{"drawMode":0,"name":"Shaded","section":"Shading Mode"},"sceneLighting":false,"audioPlay":false,"sceneViewState":{"m_AlwaysRefresh":false,"showFog":true,"showSkybox":false,"showFlares":true,"showImageEffects":true,"showParticleSystems":true,"showVisualEffectGraphs":true,"m_FxEnabled":false},"in2DMode":false,"pivot":{"x":0.07500125467777252,"y":0.031456172466278079,"z":0.05525838956236839},"rotation":{"x":0.2782275974750519,"y":0.019606254994869233,"z":-0.005689142271876335,"w":0.9603295922279358},"size":0.20453789830207826,"orthographic":false}