{"cameraMode":{"drawMode":0,"name":"Shaded","section":"Shading Mode"},"sceneLighting":false,"audioPlay":false,"sceneViewState":{"m_AlwaysRefresh":false,"showFog":true,"showSkybox":false,"showFlares":true,"showImageEffects":true,"showParticleSystems":true,"showVisualEffectGraphs":true,"m_FxEnabled":false},"in2DMode":false,"pivot":{"x":0.0005708634853363037,"y":0.07975531369447708,"z":0.010892987251281739},"rotation":{"x":0.2782275974750519,"y":0.019606254994869233,"z":-0.005689142271876335,"w":0.9603295922279358},"size":0.4111205041408539,"orthographic":false}