{"cameraMode":{"drawMode":0,"name":"Shaded","section":"Shading Mode"},"sceneLighting":false,"audioPlay":false,"sceneViewState":{"m_AlwaysRefresh":false,"showFog":true,"showSkybox":false,"showFlares":true,"showImageEffects":true,"showParticleSystems":true,"showVisualEffectGraphs":true,"m_FxEnabled":false},"in2DMode":false,"pivot":{"x":0.8365510702133179,"y":0.0362507700920105,"z":0.5519999861717224},"rotation":{"x":-0.4692479372024536,"y":0.0010580001398921013,"z":-0.0005179294385015965,"w":-0.8831474781036377},"size":0.49280381202697756,"orthographic":false}