{"cameraMode":{"drawMode":0,"name":"Shaded","section":"Shading Mode"},"sceneLighting":false,"audioPlay":false,"sceneViewState":{"m_AlwaysRefresh":false,"showFog":true,"showSkybox":false,"showFlares":true,"showImageEffects":true,"showParticleSystems":true,"showVisualEffectGraphs":true,"m_FxEnabled":false},"in2DMode":false,"pivot":{"x":2.7799999713897707,"y":-0.5879999995231628,"z":-2.4600000381469728},"rotation":{"x":-0.25341251492500307,"y":-0.000010103701242769603,"z":1.0395681471209173e-7,"w":-0.9673997759819031},"size":0.4615025520324707,"orthographic":false}