{"cameraMode":{"drawMode":0,"name":"Shaded","section":"Shading Mode"},"sceneLighting":false,"audioPlay":false,"sceneViewState":{"m_AlwaysRefresh":false,"showFog":true,"showSkybox":false,"showFlares":true,"showImageEffects":true,"showParticleSystems":true,"showVisualEffectGraphs":true,"m_FxEnabled":false},"in2DMode":false,"pivot":{"x":4.443462371826172,"y":-0.4269997477531433,"z":-2.7310268878936769},"rotation":{"x":-0.02099279873073101,"y":-0.016806285828351976,"z":0.00034641072852537036,"w":-0.999679446220398},"size":0.335151344537735,"orthographic":false}